Category,Score
Performance,0.8
Accessibility,0.83
Best Practices,1
SEO,1

Audit,Description,Score,Display Value
Uses HTTPS,"All sites should be protected with HTTPS, even ones that don't handle sensitive data. This includes avoiding [mixed content](https://developers.google.com/web/fundamentals/security/prevent-mixed-content/what-is-mixed-content), where some resources are loaded over HTTP despite the initial request being served over HTTPS. HTTPS prevents intruders from tampering with or passively listening in on the communications between your app and your users, and is a prerequisite for HTTP/2 and many new web platform APIs. [Learn more about HTTPS](https://developer.chrome.com/docs/lighthouse/pwa/is-on-https/).",1,N/A
Redirects HTTP traffic to HTTPS,Make sure that you redirect all HTTP traffic to HTTPS in order to enable secure web features for all your users. [Learn more](https://developer.chrome.com/docs/lighthouse/pwa/redirects-http/).,,N/A
"Has a `<meta name=""viewport"">` tag with `width` or `initial-scale`","A `<meta name=""viewport"">` not only optimizes your app for mobile screen sizes, but also prevents [a 300 millisecond delay to user input](https://developer.chrome.com/blog/300ms-tap-delay-gone-away/). [Learn more about using the viewport meta tag](https://developer.chrome.com/docs/lighthouse/pwa/viewport/).",1,N/A
First Contentful Paint,First Contentful Paint marks the time at which the first text or image is painted. [Learn more about the First Contentful Paint metric](https://developer.chrome.com/docs/lighthouse/performance/first-contentful-paint/).,0.98,1.3 s
Largest Contentful Paint,Largest Contentful Paint marks the time at which the largest text or image is painted. [Learn more about the Largest Contentful Paint metric](https://developer.chrome.com/docs/lighthouse/performance/lighthouse-largest-contentful-paint/),0.87,2.6 s
First Meaningful Paint,First Meaningful Paint measures when the primary content of a page is visible. [Learn more about the First Meaningful Paint metric](https://developer.chrome.com/docs/lighthouse/performance/first-meaningful-paint/).,,N/A
Speed Index,Speed Index shows how quickly the contents of a page are visibly populated. [Learn more about the Speed Index metric](https://developer.chrome.com/docs/lighthouse/performance/speed-index/).,1,1.3 s
Screenshot Thumbnails,This is what the load of your site looked like.,1,N/A
Final Screenshot,The last screenshot captured of the pageload.,1,N/A
Total Blocking Time,"Sum of all time periods between FCP and Time to Interactive, when task length exceeded 50ms, expressed in milliseconds. [Learn more about the Total Blocking Time metric](https://developer.chrome.com/docs/lighthouse/performance/lighthouse-total-blocking-time/).",0.44,680 ms
Max Potential First Input Delay,The maximum potential First Input Delay that your users could experience is the duration of the longest task. [Learn more about the Maximum Potential First Input Delay metric](https://developer.chrome.com/docs/lighthouse/performance/lighthouse-max-potential-fid/).,0.29,330 ms
Cumulative Layout Shift,Cumulative Layout Shift measures the movement of visible elements within the viewport. [Learn more about the Cumulative Layout Shift metric](https://web.dev/articles/cls).,1,0
No browser errors logged to the console,Errors logged to the console indicate unresolved problems. They can come from network request failures and other browser concerns. [Learn more about this errors in console diagnostic audit](https://developer.chrome.com/docs/lighthouse/best-practices/errors-in-console/),1,N/A
Initial server response time was short,Keep the server response time for the main document short because all other requests depend on it. [Learn more about the Time to First Byte metric](https://developer.chrome.com/docs/lighthouse/performance/time-to-first-byte/).,1,Root document took 50 ms
Time to Interactive,Time to Interactive is the amount of time it takes for the page to become fully interactive. [Learn more about the Time to Interactive metric](https://developer.chrome.com/docs/lighthouse/performance/interactive/).,0.92,3.5 s
User Timing marks and measures,Consider instrumenting your app with the User Timing API to measure your app's real-world performance during key user experiences. [Learn more about User Timing marks](https://developer.chrome.com/docs/lighthouse/performance/user-timings/).,,N/A
Avoid chaining critical requests,"The Critical Request Chains below show you what resources are loaded with a high priority. Consider reducing the length of chains, reducing the download size of resources, or deferring the download of unnecessary resources to improve page load. [Learn how to avoid chaining critical requests](https://developer.chrome.com/docs/lighthouse/performance/critical-request-chains/).",1,1 chain found
Avoid multiple page redirects,Redirects introduce additional delays before the page can be loaded. [Learn how to avoid page redirects](https://developer.chrome.com/docs/lighthouse/performance/redirects/).,1,
Displays images with correct aspect ratio,Image display dimensions should match natural aspect ratio. [Learn more about image aspect ratio](https://developer.chrome.com/docs/lighthouse/best-practices/image-aspect-ratio/).,1,N/A
Serves images with appropriate resolution,Image natural dimensions should be proportional to the display size and the pixel ratio to maximize image clarity. [Learn how to provide responsive images](https://web.dev/articles/serve-responsive-images).,1,N/A
Avoids deprecated APIs,Deprecated APIs will eventually be removed from the browser. [Learn more about deprecated APIs](https://developer.chrome.com/docs/lighthouse/best-practices/deprecations/).,1,N/A
Avoids third-party cookies,Chrome is moving towards a new experience that allows users to choose to browse without third-party cookies. [Learn more about third-party cookies](https://developers.google.com/privacy-sandbox/cookies).,1,N/A
Minimize main-thread work,"Consider reducing the time spent parsing, compiling and executing JS. You may find delivering smaller JS payloads helps with this. [Learn how to minimize main-thread work](https://developer.chrome.com/docs/lighthouse/performance/mainthread-work-breakdown/)",0,3.0 s
Reduce JavaScript execution time,"Consider reducing the time spent parsing, compiling, and executing JS. You may find delivering smaller JS payloads helps with this. [Learn how to reduce Javascript execution time](https://developer.chrome.com/docs/lighthouse/performance/bootup-time/).",0,1.3 s
Preconnect to required origins,Consider adding `preconnect` or `dns-prefetch` resource hints to establish early connections to important third-party origins. [Learn how to preconnect to required origins](https://developer.chrome.com/docs/lighthouse/performance/uses-rel-preconnect/).,1,
All text remains visible during webfont loads,Leverage the `font-display` CSS feature to ensure text is user-visible while webfonts are loading. [Learn more about `font-display`](https://developer.chrome.com/docs/lighthouse/performance/font-display/).,1,N/A
Diagnostics,Collection of useful page vitals.,1,N/A
Network Requests,Lists the network requests that were made during page load.,1,N/A
Network Round Trip Times,"Network round trip times (RTT) have a large impact on performance. If the RTT to an origin is high, it's an indication that servers closer to the user could improve performance. [Learn more about the Round Trip Time](https://hpbn.co/primer-on-latency-and-bandwidth/).",1,0 ms
Server Backend Latencies,"Server latencies can impact web performance. If the server latency of an origin is high, it's an indication the server is overloaded or has poor backend performance. [Learn more about server response time](https://hpbn.co/primer-on-web-performance/#analyzing-the-resource-waterfall).",1,70 ms
Tasks,Lists the toplevel main thread tasks that executed during page load.,1,N/A
Metrics,Collects all available metrics.,1,N/A
Resources Summary,Aggregates all network requests and groups them by type,1,N/A
Minimize third-party usage,Third-party code can significantly impact load performance. Limit the number of redundant third-party providers and try to load third-party code after your page has primarily finished loading. [Learn how to minimize third-party impact](https://developers.google.com/web/fundamentals/performance/optimizing-content-efficiency/loading-third-party-javascript/).,1,Third-party code blocked the main thread for 0 ms
Lazy load third-party resources with facades,Some third-party embeds can be lazy loaded. Consider replacing them with a facade until they are required. [Learn how to defer third-parties with a facade](https://developer.chrome.com/docs/lighthouse/performance/third-party-facades/).,,N/A
Largest Contentful Paint element,This is the largest contentful element painted within the viewport. [Learn more about the Largest Contentful Paint element](https://developer.chrome.com/docs/lighthouse/performance/lighthouse-largest-contentful-paint/),0,"2,630 ms"
Largest Contentful Paint image was not lazily loaded,"Above-the-fold images that are lazily loaded render later in the page lifecycle, which can delay the largest contentful paint. [Learn more about optimal lazy loading](https://web.dev/articles/lcp-lazy-loading).",1,N/A
Avoid large layout shifts,"These are the largest layout shifts observed on the page. Each table item represents a single layout shift, and shows the element that shifted the most. Below each item are possible root causes that led to the layout shift. Some of these layout shifts may not be included in the CLS metric value due to [windowing](https://web.dev/articles/cls#what_is_cls). [Learn how to improve CLS](https://web.dev/articles/optimize-cls)",,N/A
Avoid long main-thread tasks,"Lists the longest tasks on the main thread, useful for identifying worst contributors to input delay. [Learn how to avoid long main-thread tasks](https://web.dev/articles/optimize-long-tasks)",1,12 long tasks found
Avoid non-composited animations,Animations which are not composited can be janky and increase CLS. [Learn how to avoid non-composited animations](https://developer.chrome.com/docs/lighthouse/performance/non-composited-animations/),,N/A
Image elements have explicit `width` and `height`,Set an explicit width and height on image elements to reduce layout shifts and improve CLS. [Learn how to set image dimensions](https://web.dev/articles/optimize-cls#images_without_dimensions),1,N/A
Page has valid source maps,"Source maps translate minified code to the original source code. This helps developers debug in production. In addition, Lighthouse is able to provide further insights. Consider deploying source maps to take advantage of these benefits. [Learn more about source maps](https://developer.chrome.com/docs/devtools/javascript/source-maps/).",1,N/A
Preload Largest Contentful Paint image,"If the LCP element is dynamically added to the page, you should preload the image in order to improve LCP. [Learn more about preloading LCP elements](https://web.dev/articles/optimize-lcp#optimize_when_the_resource_is_discovered).",1,
Ensure CSP is effective against XSS attacks,A strong Content Security Policy (CSP) significantly reduces the risk of cross-site scripting (XSS) attacks. [Learn how to use a CSP to prevent XSS](https://developer.chrome.com/docs/lighthouse/best-practices/csp-xss/),1,N/A
Script Treemap Data,Used for treemap app,1,N/A
`[accesskey]` values are unique,"Access keys let users quickly focus a part of the page. For proper navigation, each access key must be unique. [Learn more about access keys](https://dequeuniversity.com/rules/axe/4.10/accesskeys).",,N/A
`[aria-*]` attributes match their roles,Each ARIA `role` supports a specific subset of `aria-*` attributes. Mismatching these invalidates the `aria-*` attributes. [Learn how to match ARIA attributes to their roles](https://dequeuniversity.com/rules/axe/4.10/aria-allowed-attr).,1,N/A
Uses ARIA roles only on compatible elements,Many HTML elements can only be assigned certain ARIA roles. Using ARIA roles where they are not allowed can interfere with the accessibility of the web page. [Learn more about ARIA roles](https://dequeuniversity.com/rules/axe/4.10/aria-allowed-role).,1,N/A
"`button`, `link`, and `menuitem` elements have accessible names","When an element doesn't have an accessible name, screen readers announce it with a generic name, making it unusable for users who rely on screen readers. [Learn how to make command elements more accessible](https://dequeuniversity.com/rules/axe/4.10/aria-command-name).",,N/A
ARIA attributes are used as specified for the element's role,Some ARIA attributes are only allowed on an element under certain conditions. [Learn more about conditional ARIA attributes](https://dequeuniversity.com/rules/axe/4.10/aria-conditional-attr).,1,N/A
Deprecated ARIA roles were not used,Deprecated ARIA roles may not be processed correctly by assistive technology. [Learn more about deprecated ARIA roles](https://dequeuniversity.com/rules/axe/4.10/aria-deprecated-role).,1,N/A
"Elements with `role=""dialog""` or `role=""alertdialog""` have accessible names.",ARIA dialog elements without accessible names may prevent screen readers users from discerning the purpose of these elements. [Learn how to make ARIA dialog elements more accessible](https://dequeuniversity.com/rules/axe/4.10/aria-dialog-name).,,N/A
"`[aria-hidden=""true""]` is not present on the document `<body>`","Assistive technologies, like screen readers, work inconsistently when `aria-hidden=""true""` is set on the document `<body>`. [Learn how `aria-hidden` affects the document body](https://dequeuniversity.com/rules/axe/4.10/aria-hidden-body).",1,N/A
"`[aria-hidden=""true""]` elements do not contain focusable descendents","Focusable descendents within an `[aria-hidden=""true""]` element prevent those interactive elements from being available to users of assistive technologies like screen readers. [Learn how `aria-hidden` affects focusable elements](https://dequeuniversity.com/rules/axe/4.10/aria-hidden-focus).",1,N/A
ARIA input fields have accessible names,"When an input field doesn't have an accessible name, screen readers announce it with a generic name, making it unusable for users who rely on screen readers. [Learn more about input field labels](https://dequeuniversity.com/rules/axe/4.10/aria-input-field-name).",,N/A
ARIA `meter` elements have accessible names,"When a meter element doesn't have an accessible name, screen readers announce it with a generic name, making it unusable for users who rely on screen readers. [Learn how to name `meter` elements](https://dequeuniversity.com/rules/axe/4.10/aria-meter-name).",,N/A
ARIA `progressbar` elements have accessible names,"When a `progressbar` element doesn't have an accessible name, screen readers announce it with a generic name, making it unusable for users who rely on screen readers. [Learn how to label `progressbar` elements](https://dequeuniversity.com/rules/axe/4.10/aria-progressbar-name).",,N/A
Elements use only permitted ARIA attributes,Using ARIA attributes in roles where they are prohibited can mean that important information is not communicated to users of assistive technologies. [Learn more about prohibited ARIA roles](https://dequeuniversity.com/rules/axe/4.10/aria-prohibited-attr).,1,N/A
`[role]`s have all required `[aria-*]` attributes,Some ARIA roles have required attributes that describe the state of the element to screen readers. [Learn more about roles and required attributes](https://dequeuniversity.com/rules/axe/4.10/aria-required-attr).,1,N/A
Elements with an ARIA `[role]` that require children to contain a specific `[role]` have all required children.,Some ARIA parent roles must contain specific child roles to perform their intended accessibility functions. [Learn more about roles and required children elements](https://dequeuniversity.com/rules/axe/4.10/aria-required-children).,,N/A
`[role]`s are contained by their required parent element,Some ARIA child roles must be contained by specific parent roles to properly perform their intended accessibility functions. [Learn more about ARIA roles and required parent element](https://dequeuniversity.com/rules/axe/4.10/aria-required-parent).,,N/A
`[role]` values are valid,ARIA roles must have valid values in order to perform their intended accessibility functions. [Learn more about valid ARIA roles](https://dequeuniversity.com/rules/axe/4.10/aria-roles).,1,N/A
Elements with the `role=text` attribute do not have focusable descendents.,"Adding `role=text` around a text node split by markup enables VoiceOver to treat it as one phrase, but the element's focusable descendents will not be announced. [Learn more about the `role=text` attribute](https://dequeuniversity.com/rules/axe/4.10/aria-text).",,N/A
ARIA toggle fields have accessible names,"When a toggle field doesn't have an accessible name, screen readers announce it with a generic name, making it unusable for users who rely on screen readers. [Learn more about toggle fields](https://dequeuniversity.com/rules/axe/4.10/aria-toggle-field-name).",,N/A
ARIA `tooltip` elements have accessible names,"When a tooltip element doesn't have an accessible name, screen readers announce it with a generic name, making it unusable for users who rely on screen readers. [Learn how to name `tooltip` elements](https://dequeuniversity.com/rules/axe/4.10/aria-tooltip-name).",,N/A
ARIA `treeitem` elements have accessible names,"When a `treeitem` element doesn't have an accessible name, screen readers announce it with a generic name, making it unusable for users who rely on screen readers. [Learn more about labeling `treeitem` elements](https://dequeuniversity.com/rules/axe/4.10/aria-treeitem-name).",,N/A
`[aria-*]` attributes have valid values,"Assistive technologies, like screen readers, can't interpret ARIA attributes with invalid values. [Learn more about valid values for ARIA attributes](https://dequeuniversity.com/rules/axe/4.10/aria-valid-attr-value).",1,N/A
`[aria-*]` attributes are valid and not misspelled,"Assistive technologies, like screen readers, can't interpret ARIA attributes with invalid names. [Learn more about valid ARIA attributes](https://dequeuniversity.com/rules/axe/4.10/aria-valid-attr).",1,N/A
Buttons do not have an accessible name,"When a button doesn't have an accessible name, screen readers announce it as ""button"", making it unusable for users who rely on screen readers. [Learn how to make buttons more accessible](https://dequeuniversity.com/rules/axe/4.10/button-name).",0,N/A
"The page contains a heading, skip link, or landmark region",Adding ways to bypass repetitive content lets keyboard users navigate the page more efficiently. [Learn more about bypass blocks](https://dequeuniversity.com/rules/axe/4.10/bypass).,,N/A
Background and foreground colors do not have a sufficient contrast ratio.,Low-contrast text is difficult or impossible for many users to read. [Learn how to provide sufficient color contrast](https://dequeuniversity.com/rules/axe/4.10/color-contrast).,0,N/A
"`<dl>`'s contain only properly-ordered `<dt>` and `<dd>` groups, `<script>`, `<template>` or `<div>` elements.","When definition lists are not properly marked up, screen readers may produce confusing or inaccurate output. [Learn how to structure definition lists correctly](https://dequeuniversity.com/rules/axe/4.10/definition-list).",,N/A
Definition list items are wrapped in `<dl>` elements,Definition list items (`<dt>` and `<dd>`) must be wrapped in a parent `<dl>` element to ensure that screen readers can properly announce them. [Learn how to structure definition lists correctly](https://dequeuniversity.com/rules/axe/4.10/dlitem).,,N/A
Document has a `<title>` element,"The title gives screen reader users an overview of the page, and search engine users rely on it heavily to determine if a page is relevant to their search. [Learn more about document titles](https://dequeuniversity.com/rules/axe/4.10/document-title).",1,N/A
ARIA IDs are unique,The value of an ARIA ID must be unique to prevent other instances from being overlooked by assistive technologies. [Learn how to fix duplicate ARIA IDs](https://dequeuniversity.com/rules/axe/4.10/duplicate-id-aria).,,N/A
All heading elements contain content.,A heading with no content or inaccessible text prevent screen reader users from accessing information on the page's structure. [Learn more about headings](https://dequeuniversity.com/rules/axe/4.10/empty-heading).,,N/A
No form fields have multiple labels,"Form fields with multiple labels can be confusingly announced by assistive technologies like screen readers which use either the first, the last, or all of the labels. [Learn how to use form labels](https://dequeuniversity.com/rules/axe/4.10/form-field-multiple-labels).",,N/A
`<frame>` or `<iframe>` elements have a title,Screen reader users rely on frame titles to describe the contents of frames. [Learn more about frame titles](https://dequeuniversity.com/rules/axe/4.10/frame-title).,,N/A
Heading elements are not in a sequentially-descending order,"Properly ordered headings that do not skip levels convey the semantic structure of the page, making it easier to navigate and understand when using assistive technologies. [Learn more about heading order](https://dequeuniversity.com/rules/axe/4.10/heading-order).",0,N/A
`<html>` element has a `[lang]` attribute,"If a page doesn't specify a `lang` attribute, a screen reader assumes that the page is in the default language that the user chose when setting up the screen reader. If the page isn't actually in the default language, then the screen reader might not announce the page's text correctly. [Learn more about the `lang` attribute](https://dequeuniversity.com/rules/axe/4.10/html-has-lang).",1,N/A
`<html>` element has a valid value for its `[lang]` attribute,Specifying a valid [BCP 47 language](https://www.w3.org/International/questions/qa-choosing-language-tags#question) helps screen readers announce text properly. [Learn how to use the `lang` attribute](https://dequeuniversity.com/rules/axe/4.10/html-lang-valid).,1,N/A
`<html>` element has an `[xml:lang]` attribute with the same base language as the `[lang]` attribute.,"If the webpage does not specify a consistent language, then the screen reader might not announce the page's text correctly. [Learn more about the `lang` attribute](https://dequeuniversity.com/rules/axe/4.10/html-xml-lang-mismatch).",,N/A
Identical links have the same purpose.,"Links with the same destination should have the same description, to help users understand the link's purpose and decide whether to follow it. [Learn more about identical links](https://dequeuniversity.com/rules/axe/4.10/identical-links-same-purpose).",,N/A
Image elements have `[alt]` attributes,"Informative elements should aim for short, descriptive alternate text. Decorative elements can be ignored with an empty alt attribute. [Learn more about the `alt` attribute](https://dequeuniversity.com/rules/axe/4.10/image-alt).",1,N/A
Image elements do not have `[alt]` attributes that are redundant text.,"Informative elements should aim for short, descriptive alternative text. Alternative text that is exactly the same as the text adjacent to the link or image is potentially confusing for screen reader users, because the text will be read twice. [Learn more about the `alt` attribute](https://dequeuniversity.com/rules/axe/4.10/image-redundant-alt).",1,N/A
Input buttons have discernible text.,Adding discernable and accessible text to input buttons may help screen reader users understand the purpose of the input button. [Learn more about input buttons](https://dequeuniversity.com/rules/axe/4.10/input-button-name).,,N/A
"`<input type=""image"">` elements have `[alt]` text","When an image is being used as an `<input>` button, providing alternative text can help screen reader users understand the purpose of the button. [Learn about input image alt text](https://dequeuniversity.com/rules/axe/4.10/input-image-alt).",,N/A
Elements with visible text labels have matching accessible names.,Visible text labels that do not match the accessible name can result in a confusing experience for screen reader users. [Learn more about accessible names](https://dequeuniversity.com/rules/axe/4.10/label-content-name-mismatch).,,N/A
Form elements have associated labels,"Labels ensure that form controls are announced properly by assistive technologies, like screen readers. [Learn more about form element labels](https://dequeuniversity.com/rules/axe/4.10/label).",1,N/A
Document has a main landmark.,One main landmark helps screen reader users navigate a web page. [Learn more about landmarks](https://dequeuniversity.com/rules/axe/4.10/landmark-one-main).,,N/A
Links do not have a discernible name,"Link text (and alternate text for images, when used as links) that is discernible, unique, and focusable improves the navigation experience for screen reader users. [Learn how to make links accessible](https://dequeuniversity.com/rules/axe/4.10/link-name).",0,N/A
Links are distinguishable without relying on color.,Low-contrast text is difficult or impossible for many users to read. Link text that is discernible improves the experience for users with low vision. [Learn how to make links distinguishable](https://dequeuniversity.com/rules/axe/4.10/link-in-text-block).,,N/A
Lists contain only `<li>` elements and script supporting elements (`<script>` and `<template>`).,Screen readers have a specific way of announcing lists. Ensuring proper list structure aids screen reader output. [Learn more about proper list structure](https://dequeuniversity.com/rules/axe/4.10/list).,,N/A
"List items (`<li>`) are contained within `<ul>`, `<ol>` or `<menu>` parent elements","Screen readers require list items (`<li>`) to be contained within a parent `<ul>`, `<ol>` or `<menu>` to be announced properly. [Learn more about proper list structure](https://dequeuniversity.com/rules/axe/4.10/listitem).",,N/A
"The document does not use `<meta http-equiv=""refresh"">`","Users do not expect a page to refresh automatically, and doing so will move focus back to the top of the page. This may create a frustrating or confusing experience. [Learn more about the refresh meta tag](https://dequeuniversity.com/rules/axe/4.10/meta-refresh).",,N/A
"`[user-scalable=""no""]` is not used in the `<meta name=""viewport"">` element and the `[maximum-scale]` attribute is not less than 5.",Disabling zooming is problematic for users with low vision who rely on screen magnification to properly see the contents of a web page. [Learn more about the viewport meta tag](https://dequeuniversity.com/rules/axe/4.10/meta-viewport).,1,N/A
`<object>` elements have alternate text,Screen readers cannot translate non-text content. Adding alternate text to `<object>` elements helps screen readers convey meaning to users. [Learn more about alt text for `object` elements](https://dequeuniversity.com/rules/axe/4.10/object-alt).,,N/A
Select elements have associated label elements.,Form elements without effective labels can create frustrating experiences for screen reader users. [Learn more about the `select` element](https://dequeuniversity.com/rules/axe/4.10/select-name).,,N/A
Skip links are focusable.,Including a skip link can help users skip to the main content to save time. [Learn more about skip links](https://dequeuniversity.com/rules/axe/4.10/skip-link).,,N/A
No element has a `[tabindex]` value greater than 0,"A value greater than 0 implies an explicit navigation ordering. Although technically valid, this often creates frustrating experiences for users who rely on assistive technologies. [Learn more about the `tabindex` attribute](https://dequeuniversity.com/rules/axe/4.10/tabindex).",,N/A
Tables have different content in the summary attribute and `<caption>`.,"The summary attribute should describe the table structure, while `<caption>` should have the onscreen title. Accurate table mark-up helps users of screen readers. [Learn more about summary and caption](https://dequeuniversity.com/rules/axe/4.10/table-duplicate-name).",,N/A
Tables use `<caption>` instead of cells with the `[colspan]` attribute to indicate a caption.,Screen readers have features to make navigating tables easier. Ensuring that tables use the actual caption element instead of cells with the `[colspan]` attribute may improve the experience for screen reader users. [Learn more about captions](https://dequeuniversity.com/rules/axe/4.10/table-fake-caption).,,N/A
Touch targets have sufficient size and spacing.,Touch targets with sufficient size and spacing help users who may have difficulty targeting small controls to activate the targets. [Learn more about touch targets](https://dequeuniversity.com/rules/axe/4.10/target-size).,1,N/A
`<td>` elements in a large `<table>` have one or more table headers.,Screen readers have features to make navigating tables easier. Ensuring that `<td>` elements in a large table (3 or more cells in width and height) have an associated table header may improve the experience for screen reader users. [Learn more about table headers](https://dequeuniversity.com/rules/axe/4.10/td-has-header).,,N/A
Cells in a `<table>` element that use the `[headers]` attribute refer to table cells within the same table.,Screen readers have features to make navigating tables easier. Ensuring `<td>` cells using the `[headers]` attribute only refer to other cells in the same table may improve the experience for screen reader users. [Learn more about the `headers` attribute](https://dequeuniversity.com/rules/axe/4.10/td-headers-attr).,,N/A
"`<th>` elements and elements with `[role=""columnheader""/""rowheader""]` have data cells they describe.",Screen readers have features to make navigating tables easier. Ensuring table headers always refer to some set of cells may improve the experience for screen reader users. [Learn more about table headers](https://dequeuniversity.com/rules/axe/4.10/th-has-data-cells).,,N/A
`[lang]` attributes have a valid value,Specifying a valid [BCP 47 language](https://www.w3.org/International/questions/qa-choosing-language-tags#question) on elements helps ensure that text is pronounced correctly by a screen reader. [Learn how to use the `lang` attribute](https://dequeuniversity.com/rules/axe/4.10/valid-lang).,,N/A
"`<video>` elements contain a `<track>` element with `[kind=""captions""]`",When a video provides a caption it is easier for deaf and hearing impaired users to access its information. [Learn more about video captions](https://dequeuniversity.com/rules/axe/4.10/video-caption).,,N/A
Custom controls have associated labels,"Custom interactive controls have associated labels, provided by aria-label or aria-labelledby. [Learn more about custom controls and labels](https://developer.chrome.com/docs/lighthouse/accessibility/custom-controls-labels/).",,N/A
Custom controls have ARIA roles,Custom interactive controls have appropriate ARIA roles. [Learn how to add roles to custom controls](https://developer.chrome.com/docs/lighthouse/accessibility/custom-control-roles/).,,N/A
User focus is not accidentally trapped in a region,A user can tab into and out of any control or region without accidentally trapping their focus. [Learn how to avoid focus traps](https://developer.chrome.com/docs/lighthouse/accessibility/focus-traps/).,,N/A
Interactive controls are keyboard focusable,Custom interactive controls are keyboard focusable and display a focus indicator. [Learn how to make custom controls focusable](https://developer.chrome.com/docs/lighthouse/accessibility/focusable-controls/).,,N/A
Interactive elements indicate their purpose and state,"Interactive elements, such as links and buttons, should indicate their state and be distinguishable from non-interactive elements. [Learn how to decorate interactive elements with affordance hints](https://developer.chrome.com/docs/lighthouse/accessibility/interactive-element-affordance/).",,N/A
The page has a logical tab order,Tabbing through the page follows the visual layout. Users cannot focus elements that are offscreen. [Learn more about logical tab ordering](https://developer.chrome.com/docs/lighthouse/accessibility/logical-tab-order/).,,N/A
The user's focus is directed to new content added to the page,"If new content, such as a dialog, is added to the page, the user's focus is directed to it. [Learn how to direct focus to new content](https://developer.chrome.com/docs/lighthouse/accessibility/managed-focus/).",,N/A
Offscreen content is hidden from assistive technology,Offscreen content is hidden with display: none or aria-hidden=true. [Learn how to properly hide offscreen content](https://developer.chrome.com/docs/lighthouse/accessibility/offscreen-content-hidden/).,,N/A
HTML5 landmark elements are used to improve navigation,"Landmark elements (`<main>`, `<nav>`, etc.) are used to improve the keyboard navigation of the page for assistive technology. [Learn more about landmark elements](https://developer.chrome.com/docs/lighthouse/accessibility/use-landmarks/).",,N/A
Visual order on the page follows DOM order,"DOM order matches the visual order, improving navigation for assistive technology. [Learn more about DOM and visual ordering](https://developer.chrome.com/docs/lighthouse/accessibility/visual-order-follows-dom/).",,N/A
Uses efficient cache policy on static assets,A long cache lifetime can speed up repeat visits to your page. [Learn more about efficient cache policies](https://developer.chrome.com/docs/lighthouse/performance/uses-long-cache-ttl/).,1,0 resources found
Avoids enormous network payloads,Large network payloads cost users real money and are highly correlated with long load times. [Learn how to reduce payload sizes](https://developer.chrome.com/docs/lighthouse/performance/total-byte-weight/).,1,Total size was 363 KiB
Defer offscreen images,Consider lazy-loading offscreen and hidden images after all critical resources have finished loading to lower time to interactive. [Learn how to defer offscreen images](https://developer.chrome.com/docs/lighthouse/performance/offscreen-images/).,1,
Eliminate render-blocking resources,Resources are blocking the first paint of your page. Consider delivering critical JS/CSS inline and deferring all non-critical JS/styles. [Learn how to eliminate render-blocking resources](https://developer.chrome.com/docs/lighthouse/performance/render-blocking-resources/).,0.5,Potential savings of 0 ms
Minify CSS,Minifying CSS files can reduce network payload sizes. [Learn how to minify CSS](https://developer.chrome.com/docs/lighthouse/performance/unminified-css/).,1,
Minify JavaScript,Minifying JavaScript files can reduce payload sizes and script parse time. [Learn how to minify JavaScript](https://developer.chrome.com/docs/lighthouse/performance/unminified-javascript/).,1,
Reduce unused CSS,Reduce unused rules from stylesheets and defer CSS not used for above-the-fold content to decrease bytes consumed by network activity. [Learn how to reduce unused CSS](https://developer.chrome.com/docs/lighthouse/performance/unused-css-rules/).,1,
Reduce unused JavaScript,Reduce unused JavaScript and defer loading scripts until they are required to decrease bytes consumed by network activity. [Learn how to reduce unused JavaScript](https://developer.chrome.com/docs/lighthouse/performance/unused-javascript/).,1,
Serve images in next-gen formats,"Image formats like WebP and AVIF often provide better compression than PNG or JPEG, which means faster downloads and less data consumption. [Learn more about modern image formats](https://developer.chrome.com/docs/lighthouse/performance/uses-webp-images/).",1,
Efficiently encode images,Optimized images load faster and consume less cellular data. [Learn how to efficiently encode images](https://developer.chrome.com/docs/lighthouse/performance/uses-optimized-images/).,1,
Enable text compression,"Text-based resources should be served with compression (gzip, deflate or brotli) to minimize total network bytes. [Learn more about text compression](https://developer.chrome.com/docs/lighthouse/performance/uses-text-compression/).",1,
Properly size images,Serve images that are appropriately-sized to save cellular data and improve load time. [Learn how to size images](https://developer.chrome.com/docs/lighthouse/performance/uses-responsive-images/).,1,
Use video formats for animated content,Large GIFs are inefficient for delivering animated content. Consider using MPEG4/WebM videos for animations and PNG/WebP for static images instead of GIF to save network bytes. [Learn more about efficient video formats](https://developer.chrome.com/docs/lighthouse/performance/efficient-animated-content/),1,
Remove duplicate modules in JavaScript bundles,"Remove large, duplicate JavaScript modules from bundles to reduce unnecessary bytes consumed by network activity. ",1,
Avoid serving legacy JavaScript to modern browsers,"Polyfills and transforms enable legacy browsers to use new JavaScript features. However, many aren't necessary for modern browsers. For your bundled JavaScript, adopt a modern script deployment strategy using module/nomodule feature detection to reduce the amount of code shipped to modern browsers, while retaining support for legacy browsers. [Learn how to use modern JavaScript](https://web.dev/articles/publish-modern-javascript)",1,
Page has the HTML doctype,Specifying a doctype prevents the browser from switching to quirks-mode. [Learn more about the doctype declaration](https://developer.chrome.com/docs/lighthouse/best-practices/doctype/).,1,N/A
Properly defines charset,A character encoding declaration is required. It can be done with a `<meta>` tag in the first 1024 bytes of the HTML or in the Content-Type HTTP response header. [Learn more about declaring the character encoding](https://developer.chrome.com/docs/lighthouse/best-practices/charset/).,1,N/A
Avoids an excessive DOM size,"A large DOM will increase memory usage, cause longer [style calculations](https://developers.google.com/web/fundamentals/performance/rendering/reduce-the-scope-and-complexity-of-style-calculations), and produce costly [layout reflows](https://developers.google.com/speed/articles/reflow). [Learn how to avoid an excessive DOM size](https://developer.chrome.com/docs/lighthouse/performance/dom-size/).",1,403 elements
Avoids requesting the geolocation permission on page load,Users are mistrustful of or confused by sites that request their location without context. Consider tying the request to a user action instead. [Learn more about the geolocation permission](https://developer.chrome.com/docs/lighthouse/best-practices/geolocation-on-start/).,1,N/A
No issues in the `Issues` panel in Chrome Devtools,"Issues logged to the `Issues` panel in Chrome Devtools indicate unresolved problems. They can come from network request failures, insufficient security controls, and other browser concerns. Open up the Issues panel in Chrome DevTools for more details on each issue.",1,N/A
Avoids `document.write()`,"For users on slow connections, external scripts dynamically injected via `document.write()` can delay page load by tens of seconds. [Learn how to avoid document.write()](https://developer.chrome.com/docs/lighthouse/best-practices/no-document-write/).",1,N/A
Detected JavaScript libraries,All front-end JavaScript libraries detected on the page. [Learn more about this JavaScript library detection diagnostic audit](https://developer.chrome.com/docs/lighthouse/best-practices/js-libraries/).,,N/A
Avoids requesting the notification permission on page load,Users are mistrustful of or confused by sites that request to send notifications without context. Consider tying the request to user gestures instead. [Learn more about responsibly getting permission for notifications](https://developer.chrome.com/docs/lighthouse/best-practices/notification-on-start/).,1,N/A
Allows users to paste into input fields,"Preventing input pasting is a bad practice for the UX, and weakens security by blocking password managers.[Learn more about user-friendly input fields](https://developer.chrome.com/docs/lighthouse/best-practices/paste-preventing-inputs/).",1,N/A
Use HTTP/2,"HTTP/2 offers many benefits over HTTP/1.1, including binary headers and multiplexing. [Learn more about HTTP/2](https://developer.chrome.com/docs/lighthouse/best-practices/uses-http2/).",1,N/A
Uses passive listeners to improve scrolling performance,Consider marking your touch and wheel event listeners as `passive` to improve your page's scroll performance. [Learn more about adopting passive event listeners](https://developer.chrome.com/docs/lighthouse/best-practices/uses-passive-event-listeners/).,1,N/A
Document has a meta description,Meta descriptions may be included in search results to concisely summarize page content. [Learn more about the meta description](https://developer.chrome.com/docs/lighthouse/seo/meta-description/).,1,N/A
Page has successful HTTP status code,Pages with unsuccessful HTTP status codes may not be indexed properly. [Learn more about HTTP status codes](https://developer.chrome.com/docs/lighthouse/seo/http-status-code/).,1,N/A
Document uses legible font sizes,Font sizes less than 12px are too small to be legible and require mobile visitors to “pinch to zoom” in order to read. Strive to have >60% of page text ≥12px. [Learn more about legible font sizes](https://developer.chrome.com/docs/lighthouse/seo/font-size/).,1,100% legible text
Links have descriptive text,Descriptive link text helps search engines understand your content. [Learn how to make links more accessible](https://developer.chrome.com/docs/lighthouse/seo/link-text/).,1,N/A
Links are crawlable,"Search engines may use `href` attributes on links to crawl websites. Ensure that the `href` attribute of anchor elements links to an appropriate destination, so more pages of the site can be discovered. [Learn how to make links crawlable](https://support.google.com/webmasters/answer/9112205)",1,N/A
Page isn’t blocked from indexing,Search engines are unable to include your pages in search results if they don't have permission to crawl them. [Learn more about crawler directives](https://developer.chrome.com/docs/lighthouse/seo/is-crawlable/).,1,N/A
robots.txt is valid,"If your robots.txt file is malformed, crawlers may not be able to understand how you want your website to be crawled or indexed. [Learn more about robots.txt](https://developer.chrome.com/docs/lighthouse/seo/invalid-robots-txt/).",,N/A
Document has a valid `hreflang`,hreflang links tell search engines what version of a page they should list in search results for a given language or region. [Learn more about `hreflang`](https://developer.chrome.com/docs/lighthouse/seo/hreflang/).,1,N/A
Document has a valid `rel=canonical`,Canonical links suggest which URL to show in search results. [Learn more about canonical links](https://developer.chrome.com/docs/lighthouse/seo/canonical/).,,N/A
Structured data is valid,Run the [Structured Data Testing Tool](https://search.google.com/structured-data/testing-tool/) and the [Structured Data Linter](http://linter.structured-data.org/) to validate structured data. [Learn more about Structured Data](https://developer.chrome.com/docs/lighthouse/seo/structured-data/).,,N/A
Page didn't prevent back/forward cache restoration,"Many navigations are performed by going back to a previous page, or forwards again. The back/forward cache (bfcache) can speed up these return navigations. [Learn more about the bfcache](https://developer.chrome.com/docs/lighthouse/performance/bf-cache/)",1,N/A
